<?xml version="1.0" encoding="UTF-8"?>
<project-private xmlns="http://www.netbeans.org/ns/project-private/1">
    <editor-bookmarks xmlns="http://www.netbeans.org/ns/editor-bookmarks/2" lastBookmarkId="0"/>
    <open-files xmlns="http://www.netbeans.org/ns/projectui-open-files/2">
        <group>
            <file>file:/C:/xampp/htdocs/CrudAjax/crudajax.php</file>
            <file>file:/C:/xampp/htdocs/CrudAjax/index.php</file>
            <file>file:/C:/xampp/htdocs/CrudAjax/includes/functions.php</file>
            <file>file:/C:/xampp/htdocs/CrudAjax/get_data.php</file>
            <file>file:/C:/xampp/htdocs/CrudAjax/insert.php</file>
            <file>file:/C:/xampp/htdocs/CrudAjax/ressources/js/myjs.js</file>
            <file>file:/C:/xampp/htdocs/CrudAjax/ressources/js/table.js</file>
            <file>file:/C:/xampp/htdocs/CrudAjax/ressources/css/style.css</file>
            <file>file:/C:/xampp/htdocs/CrudAjax/index.html</file>
            <file>file:/C:/xampp/htdocs/CrudAjax/ressources/css/navbars-offcanvas.css</file>
        </group>
    </open-files>
</project-private>
